{"cameraMode":{"drawMode":0,"name":"Shaded","section":"Shading Mode"},"sceneLighting":false,"audioPlay":false,"sceneViewState":{"showFog":false,"showMaterialUpdate":false,"showSkybox":false,"showFlares":false,"showImageEffects":false,"showParticleSystems":false},"in2DMode":false,"pivot":{"x":0.007267802953720093,"y":0.9746599197387695,"z":-0.0000317692756652832},"rotation":{"x":0.06029863655567169,"y":-0.6646076440811157,"z":0.05395130440592766,"w":0.7427992224693298},"size":3.8218820095062258,"orthographic":false}