{"cameraMode":{"drawMode":0,"name":"Shaded","section":"Shading Mode"},"sceneLighting":true,"audioPlay":false,"sceneViewState":{"showFog":true,"showMaterialUpdate":false,"showSkybox":true,"showFlares":true,"showImageEffects":true,"showParticleSystems":true},"in2DMode":false,"pivot":{"x":-2.662109375,"y":0.908935546875,"z":-2.4853515625},"rotation":{"x":0.16518840193748475,"y":-0.07979253679513931,"z":0.013409601524472237,"w":0.9829376339912415},"size":5.124722003936768,"orthographic":true}