{"cameraMode":{"drawMode":0,"name":"Shaded","section":"Shading Mode"},"sceneLighting":false,"audioPlay":false,"sceneViewState":{"showFog":true,"showMaterialUpdate":false,"showSkybox":false,"showFlares":true,"showImageEffects":true,"showParticleSystems":true},"in2DMode":false,"pivot":{"x":-0.39114922285079958,"y":0.8597332239151001,"z":0.1760619878768921},"rotation":{"x":-0.02424025535583496,"y":0.9569258689880371,"z":-0.0837617963552475,"w":-0.27692940831184389},"size":2.319363594055176,"orthographic":false}