{"cameraMode":{"drawMode":0,"name":"Shaded","section":"Shading Mode"},"sceneLighting":false,"audioPlay":false,"sceneViewState":{"showFog":true,"showMaterialUpdate":false,"showSkybox":false,"showFlares":true,"showImageEffects":true,"showParticleSystems":true},"in2DMode":false,"pivot":{"x":-0.373779296875,"y":0.1489894986152649,"z":0.1231699213385582},"rotation":{"x":-0.000005373644398787292,"y":-0.9999604225158691,"z":0.00899981614202261,"w":-0.0006019847351126373},"size":2.9094998836517336,"orthographic":true}