{"cameraMode":{"drawMode":0,"name":"Shaded","section":"Shading Mode"},"sceneLighting":true,"audioPlay":false,"sceneViewState":{"showFog":true,"showMaterialUpdate":false,"showSkybox":true,"showFlares":true,"showImageEffects":true,"showParticleSystems":true},"in2DMode":false,"pivot":{"x":-0.19054639339447022,"y":1.8686408996582032,"z":4.434703826904297},"rotation":{"x":0.016800541430711747,"y":0.031485896557569507,"z":-0.0005292883142828941,"w":0.9993628263473511},"size":12.217336654663086,"orthographic":false}