{"cameraMode":{"drawMode":0,"name":"Shaded","section":"Shading Mode"},"sceneLighting":true,"audioPlay":false,"sceneViewState":{"showFog":true,"showMaterialUpdate":false,"showSkybox":true,"showFlares":true,"showImageEffects":true,"showParticleSystems":true},"in2DMode":false,"pivot":{"x":-0.09765625,"y":0.615509033203125,"z":-0.087158203125},"rotation":{"x":0.016538316383957864,"y":0.6160567402839661,"z":-0.012938851490616799,"w":0.7874239087104797},"size":6.1141204833984379,"orthographic":true}