{"cameraMode":{"drawMode":0,"name":"Shaded","section":"Shading Mode"},"sceneLighting":false,"audioPlay":false,"sceneViewState":{"showFog":true,"showMaterialUpdate":false,"showSkybox":true,"showFlares":true,"showImageEffects":true,"showParticleSystems":true},"in2DMode":false,"pivot":{"x":0.27364856004714968,"y":1.9966069459915162,"z":-0.6891038417816162},"rotation":{"x":-0.00038590707117691636,"y":-0.998532772064209,"z":-0.0071798935532569889,"w":0.05367191880941391},"size":6.203442096710205,"orthographic":false}