{"cameraMode":{"drawMode":0,"name":"Shaded","section":"Shading Mode"},"sceneLighting":false,"audioPlay":false,"sceneViewState":{"showFog":true,"showMaterialUpdate":false,"showSkybox":true,"showFlares":true,"showImageEffects":true,"showParticleSystems":true},"in2DMode":false,"pivot":{"x":10.587800979614258,"y":1.4224662780761719,"z":1.6245861053466797},"rotation":{"x":-0.06550783663988114,"y":-0.9142985939979553,"z":0.16439040005207063,"w":-0.364338755607605},"size":32.392852783203128,"orthographic":false}