{"cameraMode":{"drawMode":0,"name":"Shaded","section":"Shading Mode"},"sceneLighting":false,"audioPlay":false,"sceneViewState":{"showFog":true,"showMaterialUpdate":false,"showSkybox":true,"showFlares":true,"showImageEffects":true,"showParticleSystems":true},"in2DMode":false,"pivot":{"x":0.7145023345947266,"y":-2.5202255249023439,"z":6.439606666564941},"rotation":{"x":-0.17149905860424043,"y":-0.5444559454917908,"z":0.11485125124454498,"w":-0.812997579574585},"size":30.9351749420166,"orthographic":false}