{"cameraMode":{"drawMode":0,"name":"Shaded","section":"Shading Mode"},"sceneLighting":false,"audioPlay":false,"sceneViewState":{"showFog":true,"showMaterialUpdate":false,"showSkybox":false,"showFlares":true,"showImageEffects":true,"showParticleSystems":true},"in2DMode":false,"pivot":{"x":0.007267862558364868,"y":0.9746599197387695,"z":-0.0000317692756652832},"rotation":{"x":0.0031771932262927295,"y":0.7081595063209534,"z":-0.003186739981174469,"w":0.706038236618042},"size":5.0218825340271,"orthographic":true}